Data_Name, AAA, AAT, AAG, AAC, ATA, ATT, ATG, ATC, AGA, AGT, AGG, AGC, ACA, ACT, ACG, ACC, TAA, TAT, TAG, TAC, TTA, TTT, TTG, TTC, TGA, TGT, TGG, TGC, TCA, TCT, TCG, TCC, GAA, GAT, GAG, GAC, GTA, GTT, GTG, GTC, GGA, GGT, GGG, GGC, GCA, GCT, GCG, GCC, CAA, CAT, CAG, CAC, CTA, CTT, CTG, CTC, CGA, CGT, CGG, CGC, CCA, CCT, CCG, CCC, Species, Genus
BA_0, 6, 13, 6, 7, 9, 9, 7, 14, 4, 10, 1, 2, 3, 12, 2, 8, 12, 11, 4, 11, 7, 36, 11, 11, 6, 9, 6, 6, 18, 8, 5, 6, 7, 5, 0, 3, 14, 10, 4, 5, 3, 5, 0, 1, 3, 3, 3, 1, 7, 10, 8, 4, 8, 10, 5, 7, 2, 8, 2, 1, 5, 7, 3, 2, Bacillus_Anthracis, Bacillus
BA_1, 18, 16, 11, 12, 22, 12, 5, 6, 5, 5, 5, 5, 17, 9, 5, 8, 18, 16, 6, 16, 17, 22, 4, 10, 2, 11, 1, 2, 8, 8, 4, 7, 8, 2, 1, 5, 10, 7, 3, 5, 4, 4, 3, 1, 4, 1, 3, 1, 13, 11, 3, 6, 6, 12, 4, 6, 5, 5, 3, 1, 4, 10, 2, 10, Bacillus_Anthracis, Bacillus
BA_2, 32, 17, 9, 15, 23, 12, 5, 8, 9, 4, 1, 4, 14, 12, 7, 7, 22, 10, 5, 10, 7, 9, 5, 8, 5, 4, 2, 4, 4, 4, 7, 6, 10, 7, 3, 6, 9, 1, 0, 2, 3, 2, 1, 0, 6, 3, 2, 3, 9, 14, 1, 9, 7, 7, 5, 3, 9, 2, 2, 6, 9, 3, 4, 11, Bacillus_Anthracis, Bacillus
BA_3, 36, 22, 7, 9, 22, 15, 5, 6, 5, 5, 1, 6, 8, 13, 5, 2, 22, 14, 6, 16, 15, 28, 4, 13, 5, 5, 4, 4, 5, 14, 6, 2, 5, 6, 3, 1, 8, 6, 2, 5, 2, 2, 1, 4, 6, 3, 6, 2, 11, 6, 1, 2, 13, 11, 7, 3, 3, 9, 3, 3, 1, 4, 1, 1, Bacillus_Anthracis, Bacillus
BA_4, 18, 21, 6, 9, 19, 16, 5, 6, 3, 7, 4, 3, 10, 6, 4, 8, 18, 14, 6, 14, 17, 30, 10, 10, 5, 5, 4, 8, 8, 7, 3, 6, 8, 3, 2, 2, 11, 6, 3, 3, 4, 6, 2, 2, 0, 8, 5, 4, 10, 8, 3, 3, 5, 15, 4, 5, 3, 5, 3, 4, 6, 8, 3, 1, Bacillus_Anthracis, Bacillus
BA_5, 18, 14, 7, 9, 13, 8, 8, 7, 6, 5, 2, 7, 10, 7, 5, 7, 11, 10, 5, 9, 6, 9, 2, 10, 5, 1, 3, 5, 6, 12, 8, 7, 8, 6, 3, 4, 6, 1, 2, 7, 3, 1, 1, 3, 5, 5, 5, 9, 12, 6, 5, 6, 10, 9, 2, 9, 7, 9, 2, 9, 8, 6, 9, 6, Bacillus_Anthracis, Bacillus
BA_6, 24, 12, 5, 12, 11, 16, 7, 10, 3, 9, 6, 2, 11, 16, 1, 10, 8, 19, 7, 14, 15, 31, 5, 18, 8, 4, 1, 2, 16, 11, 3, 3, 10, 4, 0, 4, 11, 6, 1, 0, 5, 2, 3, 0, 2, 3, 0, 0, 11, 9, 8, 8, 12, 16, 2, 5, 1, 3, 0, 1, 7, 5, 1, 9, Bacillus_Anthracis, Bacillus
BA_7, 17, 12, 5, 15, 16, 14, 2, 13, 9, 8, 5, 4, 12, 6, 7, 4, 11, 15, 9, 10, 13, 21, 4, 11, 6, 1, 3, 6, 6, 7, 9, 5, 12, 9, 4, 3, 11, 6, 5, 0, 6, 4, 1, 2, 7, 3, 2, 1, 8, 9, 8, 1, 5, 8, 5, 3, 7, 9, 4, 1, 2, 5, 3, 0, Bacillus_Anthracis, Bacillus
BA_8, 15, 11, 5, 13, 10, 10, 10, 9, 2, 5, 2, 3, 10, 8, 5, 5, 13, 8, 2, 7, 8, 31, 6, 14, 5, 11, 7, 5, 8, 8, 5, 13, 8, 7, 1, 2, 9, 10, 3, 3, 6, 4, 2, 2, 5, 4, 3, 0, 9, 13, 4, 5, 3, 8, 9, 8, 5, 5, 3, 2, 8, 8, 2, 3, Bacillus_Anthracis, Bacillus
BA_9, 42, 24, 6, 15, 20, 15, 10, 7, 7, 5, 4, 3, 18, 7, 1, 8, 19, 18, 3, 12, 19, 15, 3, 8, 7, 6, 0, 3, 7, 9, 4, 5, 12, 4, 1, 2, 4, 6, 2, 2, 2, 0, 1, 1, 3, 3, 1, 2, 14, 6, 9, 4, 9, 9, 1, 8, 3, 3, 0, 2, 5, 8, 2, 0, Bacillus_Anthracis, Bacillus
BA_10, 6, 11, 3, 2, 8, 23, 5, 7, 6, 7, 5, 6, 3, 12, 9, 1, 7, 14, 12, 17, 25, 17, 16, 4, 5, 13, 8, 8, 2, 2, 8, 1, 6, 13, 7, 4, 14, 14, 6, 2, 13, 4, 1, 0, 7, 3, 4, 2, 3, 5, 2, 2, 3, 7, 7, 0, 6, 12, 4, 2, 1, 0, 3, 1, Bacillus_Anthracis, Bacillus
BA_11, 11, 14, 7, 14, 14, 7, 9, 8, 6, 3, 0, 5, 12, 11, 6, 7, 17, 6, 2, 11, 10, 21, 5, 13, 4, 7, 7, 3, 8, 9, 6, 8, 9, 6, 1, 3, 5, 8, 2, 6, 5, 3, 2, 3, 3, 6, 4, 1, 9, 12, 4, 8, 7, 13, 4, 4, 5, 8, 4, 3, 10, 2, 4, 4, Bacillus_Anthracis, Bacillus
BA_12, 23, 19, 10, 10, 17, 14, 9, 5, 7, 7, 5, 7, 7, 7, 4, 5, 19, 12, 9, 7, 11, 26, 11, 10, 10, 5, 1, 8, 8, 6, 1, 3, 9, 5, 4, 2, 9, 9, 0, 1, 1, 4, 1, 1, 5, 8, 1, 3, 11, 9, 3, 4, 10, 9, 4, 2, 2, 3, 0, 1, 7, 4, 0, 3, Bacillus_Anthracis, Bacillus
BA_13, 14, 11, 8, 12, 10, 12, 6, 10, 2, 7, 5, 5, 11, 8, 10, 3, 10, 13, 2, 10, 12, 27, 10, 9, 9, 4, 3, 5, 7, 6, 7, 7, 10, 5, 6, 2, 6, 10, 3, 2, 3, 3, 4, 3, 9, 5, 2, 3, 11, 9, 4, 8, 7, 8, 2, 6, 9, 7, 1, 6, 5, 4, 4, 4, Bacillus_Anthracis, Bacillus
BA_14, 19, 16, 8, 10, 15, 19, 10, 4, 5, 7, 2, 3, 8, 9, 8, 3, 18, 15, 4, 13, 14, 18, 11, 12, 7, 14, 3, 4, 9, 7, 6, 2, 10, 7, 0, 2, 14, 9, 5, 3, 3, 4, 0, 0, 4, 4, 0, 2, 6, 10, 5, 3, 7, 9, 2, 5, 4, 6, 2, 3, 2, 3, 2, 4, Bacillus_Anthracis, Bacillus
BA_15, 33, 23, 6, 11, 17, 20, 4, 7, 4, 5, 4, 3, 14, 8, 8, 4, 18, 10, 8, 12, 17, 22, 5, 16, 6, 6, 1, 3, 10, 7, 3, 10, 8, 4, 2, 4, 7, 9, 3, 0, 2, 4, 2, 1, 4, 5, 1, 0, 15, 11, 0, 7, 7, 9, 4, 7, 6, 4, 2, 3, 4, 7, 3, 7, Bacillus_Anthracis, Bacillus
BA_16, 17, 9, 16, 7, 10, 12, 3, 6, 15, 14, 6, 3, 11, 9, 4, 7, 6, 11, 13, 11, 17, 31, 9, 15, 4, 2, 3, 6, 9, 12, 2, 6, 14, 4, 6, 5, 6, 13, 0, 2, 4, 4, 0, 1, 4, 4, 0, 3, 12, 7, 3, 8, 9, 16, 3, 6, 5, 1, 0, 1, 6, 9, 1, 4, Bacillus_Anthracis, Bacillus
BA_17, 20, 15, 7, 14, 10, 20, 4, 7, 3, 8, 0, 4, 9, 10, 4, 7, 14, 12, 4, 10, 18, 15, 9, 16, 6, 4, 2, 3, 10, 10, 6, 14, 8, 7, 1, 0, 3, 8, 1, 4, 2, 1, 0, 0, 3, 6, 0, 2, 14, 7, 3, 7, 9, 14, 1, 13, 5, 3, 1, 4, 9, 11, 3, 5, Bacillus_Anthracis, Bacillus
BA_18, 31, 16, 7, 10, 17, 15, 8, 10, 5, 7, 3, 2, 11, 8, 5, 6, 17, 18, 7, 8, 15, 29, 9, 11, 6, 9, 3, 4, 8, 10, 3, 5, 7, 6, 2, 4, 8, 10, 3, 0, 5, 2, 0, 2, 4, 4, 2, 0, 9, 10, 1, 9, 9, 10, 2, 5, 3, 3, 3, 2, 6, 4, 1, 3, Bacillus_Anthracis, Bacillus
BA_19, 22, 13, 12, 10, 9, 14, 9, 7, 10, 11, 1, 9, 8, 3, 8, 3, 7, 10, 9, 9, 18, 9, 12, 4, 14, 5, 5, 4, 3, 4, 4, 5, 19, 10, 4, 2, 4, 14, 5, 2, 3, 2, 3, 3, 4, 5, 6, 3, 9, 6, 6, 1, 3, 6, 2, 3, 8, 7, 2, 2, 8, 2, 1, 4, Bacillus_Anthracis, Bacillus
BA_20, 13, 23, 13, 4, 10, 18, 9, 8, 4, 12, 5, 6, 7, 6, 2, 4, 20, 7, 5, 10, 15, 16, 10, 5, 7, 10, 4, 8, 10, 4, 1, 2, 10, 7, 1, 1, 12, 7, 3, 4, 4, 4, 1, 2, 8, 6, 2, 0, 10, 8, 9, 4, 5, 5, 7, 0, 4, 0, 1, 0, 5, 1, 0, 3, Bacillus_Anthracis, Bacillus
BA_21, 12, 12, 8, 7, 7, 15, 7, 4, 12, 2, 2, 8, 7, 7, 5, 5, 5, 10, 7, 11, 13, 8, 11, 13, 2, 5, 8, 10, 6, 8, 5, 5, 13, 4, 1, 2, 5, 3, 4, 3, 4, 5, 0, 4, 9, 11, 2, 4, 9, 7, 8, 4, 8, 19, 3, 4, 2, 3, 4, 4, 5, 8, 1, 1, Bacillus_Anthracis, Bacillus
BA_22, 30, 16, 12, 12, 9, 13, 9, 8, 11, 7, 2, 8, 8, 12, 4, 2, 10, 13, 6, 7, 10, 5, 5, 11, 6, 7, 4, 4, 11, 4, 8, 3, 13, 4, 7, 4, 6, 7, 4, 4, 5, 2, 1, 2, 4, 5, 1, 4, 16, 6, 3, 3, 11, 6, 3, 3, 6, 5, 3, 1, 5, 2, 2, 0, Bacillus_Anthracis, Bacillus
BA_23, 12, 11, 9, 7, 6, 16, 9, 4, 9, 10, 7, 10, 4, 8, 8, 2, 8, 12, 12, 8, 18, 12, 7, 7, 5, 4, 7, 6, 5, 3, 4, 5, 12, 5, 8, 5, 11, 10, 4, 2, 11, 6, 12, 1, 10, 3, 7, 3, 7, 7, 7, 2, 5, 6, 2, 4, 5, 7, 4, 6, 4, 3, 3, 1, Bacillus_Anthracis, Bacillus
BA_24, 28, 10, 8, 6, 17, 20, 4, 7, 3, 7, 3, 5, 8, 9, 3, 0, 11, 23, 6, 9, 15, 26, 10, 15, 4, 5, 8, 3, 10, 11, 5, 5, 6, 3, 2, 1, 6, 6, 2, 6, 3, 4, 6, 8, 3, 6, 3, 6, 7, 12, 2, 4, 10, 14, 5, 3, 2, 4, 4, 2, 4, 6, 1, 2, Bacillus_Anthracis, Bacillus
BA_25, 16, 16, 10, 7, 16, 8, 4, 6, 9, 3, 4, 6, 6, 7, 4, 3, 14, 6, 4, 7, 8, 17, 9, 11, 3, 8, 2, 12, 8, 7, 1, 11, 7, 5, 1, 1, 3, 5, 6, 3, 1, 1, 2, 5, 10, 9, 4, 5, 12, 7, 7, 5, 4, 15, 6, 7, 1, 4, 2, 5, 7, 9, 3, 3, Bacillus_Anthracis, Bacillus
BA_26, 32, 17, 12, 8, 18, 10, 10, 7, 9, 8, 7, 6, 10, 5, 5, 2, 9, 18, 5, 8, 10, 11, 8, 5, 10, 4, 7, 4, 4, 4, 7, 1, 20, 9, 5, 3, 8, 8, 4, 1, 12, 3, 2, 2, 5, 5, 1, 3, 9, 1, 8, 3, 4, 5, 3, 3, 6, 5, 3, 2, 2, 1, 3, 1, Bacillus_Anthracis, Bacillus
BA_27, 8, 17, 4, 7, 16, 17, 5, 6, 6, 6, 5, 1, 9, 13, 4, 4, 11, 14, 6, 18, 14, 33, 10, 13, 2, 10, 7, 4, 11, 8, 4, 7, 3, 6, 4, 2, 12, 5, 2, 8, 5, 3, 0, 4, 2, 2, 0, 6, 14, 7, 4, 3, 7, 15, 6, 3, 2, 8, 0, 1, 6, 8, 3, 6, Bacillus_Anthracis, Bacillus
BA_28, 22, 16, 4, 11, 18, 8, 7, 8, 2, 1, 3, 5, 8, 10, 2, 8, 11, 11, 2, 11, 8, 14, 9, 10, 5, 10, 4, 9, 8, 3, 6, 10, 6, 3, 0, 2, 4, 8, 4, 6, 3, 3, 2, 2, 8, 7, 1, 2, 14, 11, 5, 4, 5, 11, 8, 3, 1, 8, 1, 2, 10, 7, 3, 12, Bacillus_Anthracis, Bacillus
BA_29, 29, 14, 18, 7, 10, 16, 8, 10, 13, 9, 10, 3, 8, 7, 3, 4, 16, 19, 6, 6, 17, 16, 8, 8, 7, 6, 6, 1, 11, 9, 3, 3, 16, 5, 6, 3, 10, 9, 2, 4, 6, 8, 7, 2, 2, 2, 1, 2, 7, 5, 5, 6, 10, 8, 2, 4, 4, 2, 0, 2, 2, 6, 1, 3, Bacillus_Anthracis, Bacillus
BA_30, 34, 18, 16, 8, 24, 9, 6, 7, 8, 5, 3, 14, 9, 6, 1, 7, 22, 10, 8, 9, 10, 12, 6, 5, 8, 4, 2, 4, 3, 3, 6, 3, 10, 4, 4, 4, 10, 4, 1, 2, 2, 1, 3, 3, 8, 8, 3, 4, 10, 14, 3, 2, 5, 8, 5, 1, 4, 7, 1, 2, 8, 2, 4, 2, Bacillus_Anthracis, Bacillus
BA_31, 30, 16, 23, 6, 12, 14, 12, 4, 18, 13, 4, 6, 9, 1, 6, 1, 13, 11, 6, 7, 15, 12, 5, 8, 10, 8, 5, 5, 3, 1, 5, 5, 18, 13, 10, 2, 9, 9, 8, 1, 9, 2, 3, 0, 5, 4, 2, 2, 14, 2, 2, 2, 1, 5, 3, 0, 6, 4, 2, 3, 3, 3, 2, 0, Bacillus_Anthracis, Bacillus
BA_32, 12, 11, 5, 10, 9, 12, 1, 11, 4, 5, 4, 7, 12, 7, 6, 12, 15, 7, 4, 12, 9, 24, 12, 12, 5, 10, 2, 2, 10, 12, 3, 9, 3, 4, 3, 5, 12, 8, 2, 4, 3, 4, 1, 1, 3, 5, 1, 4, 8, 11, 8, 10, 8, 12, 4, 7, 3, 7, 2, 3, 12, 7, 5, 4, Bacillus_Anthracis, Bacillus
BA_33, 14, 10, 12, 7, 5, 18, 6, 5, 7, 7, 7, 10, 8, 4, 2, 3, 6, 14, 5, 6, 14, 17, 15, 9, 9, 11, 8, 6, 11, 5, 1, 1, 12, 3, 4, 2, 9, 12, 8, 1, 3, 11, 5, 2, 8, 9, 2, 3, 11, 7, 9, 2, 4, 8, 5, 3, 2, 1, 1, 4, 2, 2, 3, 1, Bacillus_Anthracis, Bacillus
BA_34, 4, 9, 7, 12, 13, 12, 2, 6, 3, 6, 2, 8, 9, 8, 13, 9, 15, 13, 3, 11, 11, 23, 8, 12, 1, 3, 5, 7, 9, 6, 3, 8, 5, 3, 0, 5, 7, 9, 3, 2, 1, 4, 1, 3, 7, 9, 3, 2, 8, 8, 9, 11, 11, 10, 4, 6, 8, 8, 1, 3, 11, 8, 0, 5, Bacillus_Anthracis, Bacillus
BA_35, 27, 17, 7, 9, 6, 26, 4, 8, 4, 9, 5, 4, 9, 6, 2, 2, 9, 18, 11, 7, 20, 43, 16, 13, 4, 11, 12, 4, 5, 11, 3, 6, 11, 6, 2, 0, 11, 13, 4, 3, 9, 7, 2, 4, 2, 7, 3, 2, 12, 3, 2, 3, 8, 10, 7, 1, 2, 4, 3, 2, 4, 2, 4, 1, Bacillus_Anthracis, Bacillus
BA_36, 6, 11, 5, 9, 4, 13, 4, 10, 4, 4, 2, 3, 8, 6, 3, 6, 10, 4, 3, 4, 11, 37, 12, 24, 4, 8, 4, 10, 12, 13, 8, 7, 4, 6, 1, 3, 2, 12, 4, 1, 4, 2, 1, 3, 6, 11, 2, 4, 11, 9, 4, 7, 4, 22, 6, 5, 2, 5, 3, 7, 5, 7, 4, 2, Bacillus_Anthracis, Bacillus
BA_37, 25, 19, 8, 12, 13, 15, 10, 4, 9, 9, 6, 3, 10, 6, 4, 2, 14, 15, 6, 7, 13, 18, 11, 12, 5, 6, 11, 5, 7, 5, 5, 3, 13, 4, 7, 1, 9, 11, 4, 1, 9, 8, 10, 5, 5, 8, 1, 2, 12, 4, 6, 2, 7, 10, 3, 3, 2, 2, 5, 2, 2, 4, 1, 0, Bacillus_Anthracis, Bacillus
BA_38, 15, 16, 8, 10, 9, 23, 2, 11, 5, 8, 1, 5, 7, 5, 5, 8, 13, 7, 6, 10, 15, 18, 5, 23, 7, 5, 2, 2, 17, 9, 3, 9, 10, 4, 2, 3, 3, 9, 3, 3, 3, 0, 0, 1, 2, 5, 2, 5, 11, 18, 3, 1, 9, 11, 6, 1, 4, 5, 1, 6, 7, 8, 7, 6, Bacillus_Anthracis, Bacillus
BA_39, 9, 15, 3, 9, 10, 16, 6, 6, 4, 4, 2, 7, 11, 6, 4, 4, 13, 4, 2, 8, 9, 10, 8, 16, 5, 6, 2, 6, 4, 12, 5, 13, 5, 10, 4, 4, 1, 7, 2, 4, 5, 1, 0, 0, 7, 2, 5, 5, 9, 9, 8, 4, 7, 10, 3, 8, 9, 3, 2, 7, 8, 7, 7, 13, Bacillus_Anthracis, Bacillus
BA_40, 33, 17, 11, 9, 14, 16, 7, 5, 9, 16, 4, 3, 13, 9, 4, 4, 13, 8, 10, 12, 16, 14, 6, 8, 4, 3, 13, 2, 12, 3, 2, 3, 10, 10, 7, 1, 7, 11, 5, 4, 11, 6, 8, 1, 4, 1, 2, 0, 14, 7, 4, 8, 6, 3, 3, 3, 4, 2, 2, 1, 4, 2, 1, 1, Bacillus_Anthracis, Bacillus
BA_41, 48, 21, 10, 9, 21, 24, 7, 3, 16, 6, 5, 5, 12, 5, 3, 3, 14, 14, 14, 10, 21, 20, 10, 6, 13, 4, 2, 2, 5, 6, 3, 1, 18, 11, 4, 3, 6, 6, 4, 1, 5, 4, 4, 0, 1, 3, 0, 3, 8, 9, 4, 1, 4, 7, 0, 5, 3, 3, 2, 0, 3, 2, 2, 1, Bacillus_Anthracis, Bacillus
BA_42, 20, 22, 3, 10, 16, 11, 5, 9, 7, 4, 3, 4, 4, 9, 5, 7, 17, 2, 5, 7, 5, 1, 12, 8, 9, 7, 2, 7, 5, 7, 7, 9, 9, 9, 5, 3, 5, 7, 2, 2, 1, 3, 0, 3, 8, 5, 3, 2, 9, 8, 5, 5, 5, 6, 6, 10, 9, 2, 2, 4, 10, 6, 2, 8, Bacillus_Anthracis, Bacillus
BA_43, 17, 18, 2, 6, 9, 21, 2, 10, 2, 8, 0, 3, 8, 13, 2, 5, 10, 12, 6, 14, 13, 31, 9, 20, 7, 9, 3, 2, 12, 17, 7, 8, 5, 6, 1, 3, 11, 6, 5, 3, 2, 2, 0, 0, 3, 4, 0, 1, 11, 6, 4, 6, 9, 15, 5, 10, 4, 6, 1, 3, 4, 5, 5, 4, Bacillus_Anthracis, Bacillus
BA_44, 47, 23, 5, 5, 21, 13, 10, 11, 10, 6, 4, 3, 6, 5, 4, 3, 14, 16, 9, 9, 8, 28, 10, 9, 7, 9, 5, 6, 5, 8, 5, 5, 14, 6, 7, 0, 8, 11, 2, 2, 8, 3, 4, 0, 4, 2, 1, 3, 5, 9, 2, 4, 11, 3, 5, 2, 2, 5, 2, 1, 5, 6, 0, 3, Bacillus_Anthracis, Bacillus
BA_45, 32, 21, 10, 10, 28, 15, 5, 8, 6, 4, 3, 5, 9, 7, 7, 2, 28, 19, 5, 7, 19, 16, 5, 11, 2, 7, 6, 2, 3, 12, 3, 10, 8, 7, 2, 2, 6, 5, 3, 5, 7, 3, 2, 1, 3, 4, 1, 2, 6, 9, 1, 6, 6, 15, 4, 3, 4, 5, 2, 2, 7, 5, 2, 4, Bacillus_Anthracis, Bacillus
BA_46, 35, 18, 22, 8, 6, 21, 3, 9, 17, 10, 3, 11, 8, 8, 4, 2, 13, 11, 6, 7, 18, 7, 4, 9, 8, 3, 2, 2, 13, 3, 6, 0, 14, 9, 8, 4, 8, 6, 3, 1, 4, 4, 0, 1, 9, 4, 2, 1, 21, 1, 6, 3, 5, 4, 4, 3, 6, 1, 4, 2, 1, 1, 1, 0, Bacillus_Anthracis, Bacillus
BA_47, 22, 10, 8, 18, 5, 8, 10, 7, 7, 7, 4, 4, 15, 6, 11, 2, 11, 6, 7, 5, 8, 7, 7, 10, 9, 5, 8, 4, 7, 10, 5, 3, 10, 10, 1, 4, 10, 8, 6, 5, 3, 11, 2, 5, 6, 3, 6, 3, 15, 4, 7, 7, 6, 9, 2, 3, 6, 6, 7, 5, 5, 1, 2, 1, Bacillus_Anthracis, Bacillus
BA_48, 8, 13, 3, 6, 11, 15, 6, 8, 2, 8, 0, 4, 5, 7, 3, 6, 10, 10, 6, 8, 6, 20, 7, 19, 1, 8, 6, 6, 13, 9, 13, 9, 4, 7, 2, 1, 9, 10, 2, 8, 4, 3, 1, 2, 2, 5, 4, 3, 8, 10, 3, 6, 8, 7, 6, 9, 7, 10, 3, 2, 7, 8, 2, 8, Bacillus_Anthracis, Bacillus
BA_49, 23, 16, 7, 14, 16, 11, 6, 10, 4, 6, 3, 2, 6, 14, 5, 6, 20, 15, 6, 9, 19, 41, 5, 14, 4, 12, 6, 4, 9, 11, 4, 7, 10, 4, 1, 3, 10, 13, 3, 3, 5, 5, 1, 1, 2, 3, 2, 2, 7, 8, 1, 5, 5, 14, 12, 5, 5, 5, 2, 2, 4, 8, 3, 11, Bacillus_Anthracis, Bacillus
BA_50, 19, 17, 9, 5, 14, 14, 10, 8, 7, 11, 3, 4, 5, 5, 2, 2, 20, 12, 7, 6, 12, 33, 14, 13, 14, 7, 4, 6, 4, 16, 5, 2, 8, 10, 7, 2, 13, 12, 3, 1, 2, 4, 1, 1, 3, 5, 1, 4, 3, 7, 2, 1, 6, 13, 3, 5, 4, 7, 1, 2, 1, 1, 6, 3, Bacillus_Anthracis, Bacillus
BA_51, 36, 14, 19, 6, 12, 15, 12, 4, 17, 9, 6, 5, 4, 6, 7, 2, 11, 14, 6, 9, 11, 14, 11, 7, 8, 7, 10, 4, 9, 3, 2, 1, 22, 8, 10, 1, 14, 6, 4, 2, 10, 7, 9, 1, 4, 3, 2, 2, 6, 7, 3, 3, 3, 7, 2, 2, 6, 3, 2, 1, 2, 2, 1, 0, Bacillus_Anthracis, Bacillus
BA_52, 29, 21, 5, 9, 14, 17, 8, 12, 3, 3, 4, 3, 4, 13, 2, 0, 21, 19, 5, 4, 15, 31, 7, 21, 4, 10, 1, 6, 10, 11, 9, 8, 7, 2, 1, 1, 8, 8, 2, 4, 0, 1, 0, 4, 3, 8, 0, 3, 7, 8, 2, 5, 12, 18, 4, 2, 4, 8, 0, 1, 5, 4, 2, 4, Bacillus_Anthracis, Bacillus
BA_53, 12, 13, 6, 5, 8, 14, 6, 6, 6, 15, 6, 5, 5, 11, 2, 6, 12, 6, 15, 13, 14, 7, 11, 5, 11, 13, 6, 6, 2, 4, 3, 4, 6, 11, 5, 4, 13, 12, 8, 1, 6, 6, 9, 3, 4, 9, 2, 2, 5, 4, 6, 2, 11, 4, 11, 1, 3, 0, 3, 3, 6, 3, 3, 1, Bacillus_Anthracis, Bacillus
BA_54, 24, 12, 10, 7, 14, 16, 15, 3, 9, 9, 5, 5, 9, 4, 6, 3, 8, 17, 6, 8, 14, 9, 13, 4, 18, 8, 6, 3, 5, 3, 1, 4, 8, 15, 7, 6, 8, 8, 4, 6, 6, 4, 4, 1, 4, 4, 2, 0, 12, 4, 5, 1, 3, 7, 3, 0, 3, 5, 0, 1, 4, 2, 1, 2, Bacillus_Anthracis, Bacillus
BA_55, 17, 19, 7, 12, 13, 14, 6, 2, 6, 5, 0, 6, 7, 10, 4, 14, 12, 4, 4, 11, 5, 17, 21, 9, 11, 13, 3, 8, 6, 1, 2, 5, 10, 5, 2, 3, 9, 15, 2, 2, 0, 3, 0, 2, 9, 5, 1, 2, 16, 7, 5, 9, 4, 6, 6, 1, 3, 7, 2, 1, 15, 1, 5, 4, Bacillus_Anthracis, Bacillus
BA_56, 26, 13, 10, 9, 8, 17, 9, 4, 11, 7, 4, 5, 10, 3, 9, 2, 7, 11, 10, 6, 15, 18, 8, 6, 9, 4, 10, 5, 6, 4, 7, 5, 16, 10, 4, 4, 8, 5, 6, 7, 11, 8, 6, 3, 2, 7, 5, 2, 9, 3, 4, 5, 3, 7, 5, 5, 3, 7, 8, 3, 3, 6, 0, 3, Bacillus_Anthracis, Bacillus
BA_57, 15, 12, 21, 9, 8, 12, 8, 2, 16, 17, 2, 10, 10, 4, 9, 4, 12, 7, 8, 10, 10, 5, 5, 5, 3, 9, 7, 3, 4, 0, 2, 5, 14, 6, 5, 3, 17, 7, 9, 3, 5, 4, 0, 2, 12, 0, 4, 4, 16, 5, 11, 5, 2, 1, 0, 1, 5, 5, 2, 5, 11, 0, 2, 1, Bacillus_Anthracis, Bacillus
BA_58, 21, 16, 15, 4, 14, 16, 7, 10, 12, 7, 8, 6, 9, 5, 4, 4, 15, 17, 8, 10, 13, 13, 12, 5, 5, 6, 7, 4, 2, 7, 6, 4, 13, 9, 6, 6, 13, 5, 2, 2, 13, 4, 4, 1, 5, 6, 0, 2, 8, 5, 3, 2, 10, 9, 1, 2, 4, 5, 3, 2, 2, 4, 4, 3, Bacillus_Anthracis, Bacillus
BA_59, 21, 13, 15, 10, 8, 17, 5, 11, 13, 10, 7, 5, 10, 4, 6, 0, 10, 15, 8, 5, 19, 14, 7, 8, 8, 5, 7, 2, 9, 5, 6, 6, 16, 8, 6, 2, 10, 10, 8, 2, 6, 7, 10, 2, 4, 3, 2, 2, 12, 5, 6, 3, 1, 7, 2, 5, 5, 8, 1, 2, 3, 3, 2, 0, Bacillus_Anthracis, Bacillus
BA_60, 23, 11, 8, 7, 8, 15, 7, 5, 9, 5, 3, 8, 8, 9, 8, 4, 12, 7, 7, 9, 14, 20, 10, 8, 11, 12, 9, 4, 6, 5, 4, 1, 9, 8, 8, 9, 7, 10, 12, 2, 6, 7, 4, 1, 3, 5, 7, 1, 5, 9, 2, 4, 6, 7, 6, 1, 8, 7, 3, 3, 3, 1, 2, 0, Bacillus_Anthracis, Bacillus
BA_61, 24, 12, 6, 8, 15, 18, 5, 6, 7, 9, 3, 3, 13, 9, 4, 3, 11, 14, 5, 13, 19, 23, 9, 8, 9, 3, 2, 7, 8, 7, 2, 7, 7, 9, 1, 5, 6, 6, 3, 3, 2, 1, 2, 3, 4, 6, 0, 5, 8, 9, 10, 2, 4, 12, 4, 7, 4, 5, 1, 2, 4, 5, 6, 4, Bacillus_Anthracis, Bacillus
BA_62, 18, 7, 7, 7, 6, 11, 8, 7, 5, 6, 8, 7, 9, 6, 2, 1, 8, 12, 11, 5, 15, 22, 14, 6, 2, 10, 14, 9, 4, 8, 4, 2, 7, 6, 2, 1, 9, 16, 5, 3, 8, 12, 7, 6, 8, 9, 4, 1, 6, 7, 6, 5, 6, 8, 8, 2, 0, 5, 4, 1, 3, 1, 0, 0, Bacillus_Anthracis, Bacillus
BA_63, 20, 18, 15, 6, 16, 18, 12, 9, 13, 7, 2, 4, 6, 0, 7, 2, 15, 16, 5, 5, 14, 18, 9, 6, 12, 3, 7, 6, 7, 4, 8, 0, 17, 14, 4, 4, 9, 4, 4, 3, 9, 3, 3, 1, 2, 7, 2, 2, 7, 7, 3, 0, 2, 7, 2, 1, 5, 7, 4, 2, 2, 1, 1, 1, Bacillus_Anthracis, Bacillus
BA_64, 24, 8, 8, 10, 13, 13, 4, 5, 6, 9, 4, 0, 10, 8, 4, 11, 12, 10, 3, 9, 14, 27, 10, 6, 8, 6, 8, 7, 5, 6, 8, 4, 9, 8, 6, 4, 4, 8, 10, 8, 7, 9, 3, 3, 3, 3, 3, 6, 5, 8, 3, 10, 3, 9, 5, 4, 6, 6, 7, 5, 8, 4, 9, 5, Bacillus_Anthracis, Bacillus
BA_65, 5, 7, 14, 13, 4, 7, 3, 5, 10, 12, 1, 15, 10, 8, 9, 5, 9, 0, 5, 10, 14, 14, 13, 8, 9, 8, 5, 3, 11, 5, 4, 3, 12, 3, 9, 5, 2, 15, 5, 9, 2, 4, 1, 0, 10, 6, 0, 2, 13, 9, 10, 4, 4, 12, 4, 1, 8, 7, 0, 0, 6, 2, 2, 1, Bacillus_Anthracis, Bacillus
BA_66, 30, 8, 14, 13, 10, 8, 4, 7, 7, 10, 9, 7, 10, 9, 7, 6, 13, 12, 10, 11, 16, 13, 6, 4, 7, 9, 5, 6, 4, 6, 2, 2, 13, 3, 3, 2, 12, 9, 11, 2, 3, 9, 1, 3, 6, 6, 4, 1, 8, 6, 6, 6, 8, 9, 6, 1, 5, 6, 1, 1, 6, 3, 0, 2, Bacillus_Anthracis, Bacillus
BA_67, 15, 21, 5, 10, 25, 16, 5, 9, 6, 5, 0, 4, 10, 10, 2, 2, 23, 11, 6, 7, 8, 22, 11, 13, 7, 5, 5, 5, 12, 5, 6, 4, 5, 5, 4, 3, 6, 7, 2, 3, 3, 4, 1, 0, 2, 5, 0, 4, 8, 18, 1, 4, 8, 9, 4, 2, 1, 4, 2, 2, 7, 3, 1, 2, Bacillus_Anthracis, Bacillus
BA_68, 23, 17, 8, 5, 10, 16, 11, 6, 9, 11, 6, 4, 3, 4, 9, 2, 11, 12, 6, 6, 11, 17, 11, 4, 12, 5, 2, 11, 7, 4, 4, 0, 15, 11, 8, 2, 9, 5, 7, 3, 7, 4, 2, 0, 11, 5, 2, 0, 5, 3, 8, 5, 5, 5, 1, 2, 7, 4, 3, 3, 0, 0, 2, 0, Bacillus_Anthracis, Bacillus
BA_69, 5, 5, 12, 6, 2, 3, 6, 10, 4, 9, 8, 7, 12, 3, 4, 10, 10, 3, 6, 7, 4, 4, 6, 4, 8, 3, 11, 7, 7, 4, 8, 1, 6, 6, 7, 7, 11, 7, 11, 4, 11, 13, 9, 5, 4, 9, 4, 10, 7, 7, 3, 9, 9, 4, 6, 3, 3, 8, 10, 8, 3, 6, 12, 6, Bacillus_Anthracis, Bacillus
BA_70, 25, 20, 10, 13, 14, 13, 4, 11, 1, 10, 0, 6, 13, 11, 5, 2, 21, 14, 6, 12, 15, 29, 6, 12, 2, 9, 4, 2, 8, 13, 4, 9, 5, 3, 0, 0, 13, 7, 2, 4, 2, 0, 0, 2, 3, 7, 0, 4, 17, 5, 1, 6, 11, 13, 5, 8, 3, 6, 0, 4, 5, 6, 4, 3, Bacillus_Anthracis, Bacillus
BA_71, 38, 24, 15, 15, 17, 13, 10, 5, 13, 11, 11, 3, 12, 11, 5, 4, 25, 11, 13, 10, 19, 22, 1, 3, 5, 5, 5, 2, 6, 3, 2, 3, 14, 7, 7, 4, 13, 5, 5, 4, 9, 7, 3, 2, 1, 4, 3, 2, 15, 3, 3, 3, 10, 5, 1, 2, 5, 4, 2, 3, 5, 0, 4, 1, Bacillus_Anthracis, Bacillus
BA_72, 27, 9, 14, 12, 6, 14, 7, 5, 14, 7, 1, 6, 9, 9, 5, 2, 12, 8, 4, 5, 13, 10, 10, 7, 13, 7, 6, 6, 6, 4, 6, 3, 16, 6, 9, 5, 5, 10, 8, 4, 4, 6, 0, 3, 1, 3, 6, 7, 7, 9, 1, 3, 5, 6, 7, 3, 5, 7, 6, 2, 4, 5, 3, 4, Bacillus_Anthracis, Bacillus
BA_73, 17, 22, 3, 2, 11, 21, 4, 8, 1, 5, 0, 1, 9, 11, 5, 5, 16, 9, 3, 18, 17, 29, 11, 14, 4, 10, 0, 8, 6, 16, 9, 6, 3, 4, 0, 1, 8, 4, 4, 7, 1, 0, 0, 0, 6, 5, 0, 3, 8, 9, 1, 9, 10, 17, 4, 8, 2, 8, 1, 5, 5, 7, 2, 4, Bacillus_Anthracis, Bacillus
BA_74, 31, 10, 14, 12, 6, 16, 4, 7, 14, 13, 3, 6, 14, 7, 4, 3, 14, 13, 8, 9, 16, 13, 14, 8, 9, 11, 2, 2, 3, 13, 8, 1, 12, 6, 7, 4, 16, 11, 1, 7, 3, 5, 0, 1, 4, 4, 2, 0, 10, 4, 7, 3, 6, 10, 5, 4, 3, 6, 4, 1, 3, 1, 0, 0, Bacillus_Anthracis, Bacillus
BA_75, 15, 18, 12, 5, 8, 18, 7, 10, 12, 9, 5, 5, 4, 1, 10, 2, 8, 13, 11, 8, 17, 20, 11, 4, 6, 8, 10, 5, 8, 2, 3, 4, 16, 5, 4, 4, 12, 7, 10, 3, 7, 9, 7, 3, 7, 5, 6, 0, 11, 7, 4, 0, 3, 6, 1, 0, 4, 6, 5, 5, 3, 2, 1, 1, Bacillus_Anthracis, Bacillus
BA_76, 37, 27, 14, 5, 14, 22, 10, 6, 11, 7, 8, 4, 4, 8, 5, 0, 17, 12, 8, 7, 15, 39, 14, 7, 14, 6, 8, 2, 5, 1, 6, 3, 19, 10, 6, 6, 9, 7, 4, 1, 13, 3, 9, 3, 3, 3, 1, 4, 10, 2, 2, 0, 6, 7, 2, 1, 3, 5, 3, 2, 2, 4, 1, 1, Bacillus_Anthracis, Bacillus
BA_77, 21, 18, 16, 9, 7, 18, 8, 4, 14, 8, 4, 7, 9, 5, 5, 3, 12, 8, 4, 5, 7, 4, 14, 8, 7, 9, 4, 6, 7, 2, 8, 2, 22, 7, 4, 1, 11, 6, 4, 4, 5, 5, 5, 2, 9, 3, 4, 1, 9, 4, 8, 7, 4, 5, 0, 3, 8, 3, 4, 3, 3, 2, 1, 1, Bacillus_Anthracis, Bacillus
BA_78, 23, 9, 11, 13, 6, 10, 13, 5, 12, 4, 3, 5, 6, 6, 6, 7, 4, 8, 5, 5, 7, 16, 8, 8, 11, 6, 6, 5, 11, 3, 6, 5, 16, 8, 5, 3, 5, 5, 2, 4, 6, 3, 0, 2, 6, 7, 2, 3, 13, 9, 3, 4, 4, 8, 4, 8, 3, 3, 3, 6, 6, 8, 1, 3, Bacillus_Anthracis, Bacillus
BA_79, 5, 11, 3, 7, 9, 22, 1, 9, 3, 8, 2, 6, 6, 6, 2, 9, 11, 10, 11, 9, 18, 42, 18, 15, 8, 9, 0, 8, 11, 9, 5, 3, 7, 4, 1, 2, 6, 11, 2, 2, 1, 1, 0, 1, 5, 12, 0, 2, 3, 16, 3, 5, 8, 18, 4, 2, 2, 3, 1, 5, 5, 5, 4, 1, Bacillus_Anthracis, Bacillus
BA_80, 11, 18, 5, 8, 10, 13, 1, 12, 3, 6, 2, 1, 7, 8, 6, 3, 10, 6, 5, 8, 8, 42, 11, 27, 6, 6, 2, 6, 14, 13, 9, 8, 6, 4, 0, 5, 4, 10, 3, 3, 2, 2, 0, 0, 3, 7, 3, 5, 15, 8, 2, 3, 7, 22, 5, 2, 4, 6, 0, 11, 4, 8, 4, 11, Bacillus_Anthracis, Bacillus
BA_81, 10, 17, 5, 5, 10, 18, 7, 12, 2, 1, 2, 4, 5, 9, 2, 5, 16, 11, 2, 6, 15, 25, 7, 15, 4, 8, 5, 8, 11, 9, 7, 9, 4, 2, 0, 6, 5, 5, 4, 4, 2, 3, 1, 2, 7, 5, 2, 4, 7, 17, 3, 4, 5, 13, 7, 5, 4, 6, 0, 4, 8, 7, 3, 3, Bacillus_Anthracis, Bacillus
BA_82, 8, 15, 3, 7, 11, 15, 7, 8, 3, 2, 0, 1, 8, 9, 6, 6, 12, 9, 1, 7, 8, 23, 10, 22, 4, 10, 3, 8, 11, 11, 7, 9, 2, 5, 1, 6, 5, 6, 5, 5, 3, 1, 2, 3, 7, 3, 3, 3, 11, 12, 1, 9, 5, 19, 4, 3, 4, 8, 4, 4, 7, 7, 4, 1, Bacillus_Anthracis, Bacillus
BA_83, 18, 13, 7, 6, 12, 12, 11, 7, 9, 8, 6, 10, 3, 1, 10, 2, 8, 14, 9, 6, 15, 11, 6, 5, 11, 8, 8, 5, 7, 3, 5, 1, 11, 9, 9, 3, 9, 12, 10, 3, 10, 4, 3, 2, 8, 3, 4, 3, 7, 6, 8, 1, 1, 2, 4, 1, 2, 14, 2, 1, 4, 1, 0, 0, Bacillus_Anthracis, Bacillus
BA_84, 26, 11, 18, 9, 19, 11, 11, 2, 11, 10, 6, 9, 4, 3, 8, 7, 20, 13, 8, 6, 9, 12, 5, 5, 11, 4, 3, 6, 4, 0, 1, 7, 12, 11, 5, 3, 10, 4, 5, 4, 2, 4, 1, 3, 3, 7, 4, 5, 5, 8, 5, 4, 9, 4, 3, 1, 7, 5, 0, 1, 11, 7, 1, 4, Bacillus_Anthracis, Bacillus
BA_85, 8, 9, 11, 5, 10, 15, 7, 7, 3, 13, 5, 7, 4, 10, 2, 5, 8, 20, 11, 7, 21, 31, 5, 11, 5, 5, 6, 4, 8, 8, 9, 4, 10, 6, 2, 3, 7, 9, 5, 8, 6, 6, 2, 3, 3, 3, 6, 5, 8, 4, 4, 5, 8, 13, 3, 3, 7, 5, 4, 3, 6, 6, 2, 7, Bacillus_Anthracis, Bacillus
BA_86, 11, 18, 7, 8, 12, 8, 5, 9, 0, 6, 0, 4, 3, 13, 6, 3, 16, 8, 2, 8, 6, 25, 8, 16, 8, 9, 6, 5, 10, 16, 7, 9, 9, 3, 0, 3, 9, 6, 5, 3, 2, 3, 2, 2, 3, 8, 2, 5, 8, 5, 1, 6, 7, 16, 10, 13, 5, 5, 1, 7, 4, 9, 4, 10, Bacillus_Anthracis, Bacillus
BA_87, 6, 4, 9, 8, 5, 6, 12, 4, 6, 8, 3, 5, 8, 9, 8, 5, 7, 11, 3, 5, 5, 3, 12, 8, 13, 5, 14, 6, 6, 8, 7, 1, 10, 7, 4, 11, 12, 9, 8, 3, 7, 11, 3, 3, 5, 7, 4, 0, 5, 5, 6, 6, 4, 10, 6, 7, 6, 8, 4, 2, 3, 2, 1, 0, Bacillus_Anthracis, Bacillus
BA_88, 16, 13, 3, 13, 19, 13, 2, 9, 2, 2, 3, 4, 11, 11, 10, 11, 12, 17, 3, 17, 16, 27, 10, 9, 3, 5, 3, 5, 5, 10, 3, 9, 6, 6, 1, 3, 6, 8, 1, 4, 7, 4, 0, 0, 6, 5, 1, 3, 11, 7, 4, 10, 8, 14, 3, 6, 4, 8, 5, 6, 9, 5, 9, 5, Bacillus_Anthracis, Bacillus
BA_89, 25, 18, 4, 14, 15, 12, 7, 13, 4, 2, 1, 4, 5, 12, 7, 9, 17, 17, 2, 10, 13, 48, 7, 16, 7, 4, 4, 4, 9, 14, 3, 9, 9, 3, 2, 3, 8, 5, 0, 2, 4, 3, 5, 1, 4, 2, 1, 3, 10, 9, 3, 7, 10, 19, 4, 4, 2, 6, 3, 1, 11, 9, 1, 8, Bacillus_Anthracis, Bacillus
BA_90, 34, 12, 14, 9, 14, 15, 8, 5, 4, 10, 5, 5, 5, 9, 3, 5, 14, 16, 7, 9, 13, 29, 11, 13, 14, 5, 1, 6, 4, 12, 0, 10, 11, 6, 2, 2, 7, 7, 3, 4, 3, 3, 0, 2, 4, 6, 1, 2, 9, 8, 1, 2, 12, 15, 4, 4, 1, 3, 2, 0, 7, 8, 2, 7, Bacillus_Anthracis, Bacillus
BA_91, 19, 11, 12, 10, 12, 14, 10, 8, 7, 7, 2, 4, 8, 10, 2, 4, 6, 13, 4, 8, 7, 17, 12, 13, 16, 7, 5, 3, 13, 6, 4, 4, 21, 7, 2, 3, 7, 6, 5, 2, 6, 2, 2, 1, 1, 6, 2, 1, 6, 12, 2, 3, 5, 12, 5, 4, 4, 4, 2, 2, 1, 4, 4, 4, Bacillus_Anthracis, Bacillus
BA_92, 21, 15, 10, 8, 3, 14, 10, 8, 11, 5, 4, 10, 5, 8, 5, 2, 9, 8, 8, 6, 15, 15, 4, 8, 10, 8, 10, 3, 9, 3, 7, 4, 19, 7, 4, 4, 7, 9, 9, 4, 9, 10, 6, 1, 4, 8, 2, 2, 5, 5, 8, 3, 6, 4, 8, 3, 3, 6, 6, 2, 3, 2, 3, 2, Bacillus_Anthracis, Bacillus
BA_93, 21, 17, 12, 7, 14, 15, 6, 7, 9, 2, 6, 4, 11, 7, 3, 5, 10, 13, 3, 8, 9, 31, 3, 20, 8, 4, 1, 4, 12, 12, 3, 9, 15, 4, 4, 2, 2, 3, 3, 3, 3, 2, 2, 2, 6, 4, 3, 0, 11, 8, 3, 9, 9, 14, 4, 6, 5, 3, 0, 3, 2, 10, 2, 2, Bacillus_Anthracis, Bacillus
BA_94, 25, 15, 16, 5, 22, 19, 5, 3, 10, 8, 12, 6, 7, 5, 3, 1, 12, 24, 8, 6, 18, 25, 9, 13, 6, 10, 5, 1, 6, 6, 4, 4, 15, 3, 8, 1, 7, 15, 4, 3, 8, 7, 8, 4, 4, 3, 4, 1, 9, 7, 4, 4, 3, 6, 4, 1, 3, 4, 3, 1, 6, 0, 0, 0, Bacillus_Anthracis, Bacillus
BA_95, 26, 13, 11, 3, 15, 14, 10, 11, 6, 5, 5, 5, 5, 7, 3, 2, 7, 20, 3, 12, 16, 17, 6, 7, 5, 9, 5, 6, 12, 2, 5, 4, 12, 9, 1, 2, 7, 8, 4, 3, 8, 2, 2, 4, 4, 7, 5, 1, 8, 8, 6, 0, 4, 6, 5, 2, 5, 6, 5, 2, 1, 1, 5, 1, Bacillus_Anthracis, Bacillus
BA_96, 10, 14, 2, 5, 13, 19, 0, 6, 2, 4, 2, 3, 9, 6, 5, 2, 13, 12, 3, 6, 9, 21, 11, 18, 4, 6, 5, 12, 5, 13, 7, 8, 3, 3, 1, 6, 4, 7, 6, 5, 4, 7, 1, 3, 8, 7, 6, 4, 5, 9, 5, 5, 7, 12, 11, 4, 3, 5, 7, 7, 2, 8, 4, 3, Bacillus_Anthracis, Bacillus
BA_97, 11, 5, 7, 7, 4, 23, 6, 6, 3, 9, 5, 6, 7, 9, 4, 3, 8, 15, 7, 10, 12, 25, 7, 22, 4, 7, 9, 1, 11, 10, 11, 6, 3, 9, 6, 3, 15, 7, 2, 7, 12, 5, 2, 3, 2, 5, 4, 1, 8, 9, 3, 3, 9, 11, 6, 3, 2, 10, 6, 3, 3, 5, 2, 2, Bacillus_Anthracis, Bacillus
BA_98, 14, 12, 6, 7, 13, 9, 9, 9, 4, 7, 1, 2, 5, 11, 5, 3, 9, 13, 3, 9, 4, 27, 11, 18, 8, 11, 3, 5, 8, 13, 8, 8, 11, 4, 3, 2, 9, 10, 3, 3, 2, 1, 1, 1, 6, 2, 2, 3, 5, 11, 2, 6, 9, 14, 4, 7, 6, 6, 0, 5, 5, 8, 2, 11, Bacillus_Anthracis, Bacillus
BA_99, 19, 15, 13, 11, 8, 10, 11, 9, 14, 3, 4, 6, 8, 5, 10, 3, 11, 9, 2, 8, 12, 7, 9, 3, 12, 5, 7, 3, 4, 7, 7, 3, 21, 8, 5, 7, 8, 6, 4, 4, 3, 3, 4, 6, 5, 3, 6, 3, 7, 6, 7, 0, 2, 7, 4, 5, 12, 11, 1, 2, 3, 3, 3, 1, Bacillus_Anthracis, Bacillus
